{
  "listing_id": 2390109,
  "id": 31140388,
  "date": "2015-05-02",
  "reviewer_id": 1662177,
  "reviewer_name": "Alvin",
  "text": "Great experience in this beautiful, very private room.  Alexandra was extremely responsive in communicating throughout the entire stay. She even provided a water, chocolates, cheese, and soda!  I had a positive experience and would stay again.",
  "title": "ENTIRE FLOOR! Business travel & fun",
  "host_id": 2665483,
  "listing_latitude": 30.2962457933164,
  "listing_longitude": -97.75013113693174,
  "host_name": "Alexandra"
}
