{
  "listing_id": 2390109,
  "id": 45049495,
  "date": "2015-08-30",
  "reviewer_id": 42838618,
  "reviewer_name": "Jerrett",
  "text": "Alexandra was awesome and I was so pleased with the space! It was incredibly comfortable and only about 8 minutes from some Austin hot spots. A perfect first airbnb experience!",
  "title": "ENTIRE FLOOR! Business travel & fun",
  "host_id": 2665483,
  "listing_latitude": 30.2962457933164,
  "listing_longitude": -97.75013113693174,
  "host_name": "Alexandra"
}
