{
  "listing_id": 2390109,
  "id": 46055994,
  "date": "2015-09-07",
  "reviewer_id": 2874155,
  "reviewer_name": "Andrew",
  "text": "The room was clean, quiet, and very private. We really enjoyed our stay here and they had delicious snacks to boot that we had for breakfast each morning. Alexandra was very accommodating and responsive to any needs we had. When we're back in Austin we hope to stay here again!",
  "title": "ENTIRE FLOOR! Business travel & fun",
  "host_id": 2665483,
  "listing_latitude": 30.2962457933164,
  "listing_longitude": -97.75013113693174,
  "host_name": "Alexandra"
}
