{
  "listing_id": 2390109,
  "id": 48433349,
  "date": "2015-09-26",
  "reviewer_id": 42237646,
  "reviewer_name": "David",
  "text": "This was my first airBNB experience and it went very well! The hosts were great about communicating and gave me a wonderful welcome tour. After that it truly felt like my own private suite. I really appreciated the iron and the stocked mini fridge. The hosts clearly gave thought to making my stay as comfortable as possible. I would definitely come back! Thank you!",
  "title": "ENTIRE FLOOR! Business travel & fun",
  "host_id": 2665483,
  "listing_latitude": 30.2962457933164,
  "listing_longitude": -97.75013113693174,
  "host_name": "Alexandra"
}
