{
  "listing_id": 577473,
  "id": 5695155,
  "date": "2013-07-12",
  "reviewer_id": 764959,
  "reviewer_name": "Lovita",
  "text": "Though we didnt get a chance to meet Linda in person, but it was nice staying at her place. My 2 year old loved watching the Disney movies. The kitchen had all the appliances and pots n pans that you need. Overall a nice stay! Thanks Charlie for being so responsive!",
  "title": "Austin House for special events",
  "host_id": 2839901,
  "listing_latitude": 30.228892374345758,
  "listing_longitude": -97.85097741155383,
  "host_name": "Linda"
}
