{
  "listing_id": 577473,
  "id": 26768127,
  "date": "2015-02-18",
  "reviewer_id": 27737941,
  "reviewer_name": "Sheri",
  "text": "Linda was a warm and welcoming hostess.  We really enjoyed meeting her, and getting to know her.  The home was clean and comfortable, and the neighborhood felt very safe.   She is very kid friendly, all my children thoroughly enjoyed her and the home.  I am sure we will stop in again next time we are in Austin.",
  "title": "Austin House for special events",
  "host_id": 2839901,
  "listing_latitude": 30.228892374345758,
  "listing_longitude": -97.85097741155383,
  "host_name": "Linda"
}
