{
  "listing_id": 577473,
  "id": 35796788,
  "date": "2015-06-22",
  "reviewer_id": 7962383,
  "reviewer_name": "Steve And Sheila",
  "text": "Linda was a great hostess! She was very kind and generous. She made us feel very welcome. She lives in a lovely and quiet neighborhood. The home was clean and very welcoming. Our experience was wonderful! Thank you, Linda!",
  "title": "Austin House for special events",
  "host_id": 2839901,
  "listing_latitude": 30.228892374345758,
  "listing_longitude": -97.85097741155383,
  "host_name": "Linda"
}
