{
  "listing_id": 2266768,
  "id": 14079916,
  "date": "2014-06-11",
  "reviewer_id": 149028,
  "reviewer_name": "Adrienne",
  "text": "The place was really lovely and cozy. The kitchen is not a \"cooking\" kitchen but rather a place to store snacks with a fridge. It is separate from the space but only by a breezeway. But a very quiet and private stay.",
  "title": "modern granny flat",
  "host_id": 1507234,
  "listing_latitude": 30.275484886441834,
  "listing_longitude": -97.726282028393,
  "host_name": "Kristine"
}
