{
  "listing_id": 2266768,
  "id": 15376567,
  "date": "2014-07-07",
  "reviewer_id": 15722806,
  "reviewer_name": "Matthew",
  "text": "I arrived late (plane troubles) but was happy to see the lights on waiting for me and happier still when I entered.  It's a very charming place.  \r\n\r\nI didn't interact in person with Kristine but she was very accommodating over e-mail.\r\n\r\nA great stay.",
  "title": "modern granny flat",
  "host_id": 1507234,
  "listing_latitude": 30.275484886441834,
  "listing_longitude": -97.726282028393,
  "host_name": "Kristine"
}
