{
  "listing_id": 2266768,
  "id": 20420237,
  "date": "2014-09-29",
  "reviewer_id": 19252531,
  "reviewer_name": "Mike",
  "text": "Exactly as described in the listing. Very comfortable accommodations and convenient location. You can easily walk to a lot of downtown locations. The neighborhood itself is very quiet so you can have a peaceful night's sleep. I highly recommend it.",
  "title": "modern granny flat",
  "host_id": 1507234,
  "listing_latitude": 30.275484886441834,
  "listing_longitude": -97.726282028393,
  "host_name": "Kristine"
}
