{
  "listing_id": 347802,
  "id": 31306829,
  "date": "2015-05-04",
  "reviewer_id": 281665,
  "reviewer_name": "Shannon",
  "text": "Great location and wonderful host.  Would Stay here any time I return to Austin.  The house is charming and very clean.  Ananda and Dunstan were both friendly and easy to communicate with.",
  "title": "Hyde Park Bungalow close to UT & DT",
  "host_id": 1594787,
  "listing_latitude": 30.30229498844927,
  "listing_longitude": -97.7281497793535,
  "host_name": "Ananda & Dunstan"
}
