{
  "listing_id": 347802,
  "id": 35539653,
  "date": "2015-06-20",
  "reviewer_id": 14255368,
  "reviewer_name": "Catherine",
  "text": "Another great stay with Ananda and Dunstan in a lovely bungalow in Hyde Park.  Our hosts were friendly and very responsive to our requests.  The absolutely perfect Austin pied-à-terre! \r\n\r\nThanks!",
  "title": "Hyde Park Bungalow close to UT & DT",
  "host_id": 1594787,
  "listing_latitude": 30.30229498844927,
  "listing_longitude": -97.7281497793535,
  "host_name": "Ananda & Dunstan"
}
