{
  "listing_id": 347802,
  "id": 47671534,
  "date": "2015-09-21",
  "reviewer_id": 38206372,
  "reviewer_name": "Valerie",
  "text": "Dunstan and Ananda were responsive and extremely helpful both before and during our stay. They allowed us to check in a bit early since we landed before check-in time. The house is charming and clean, in a beautiful neighborhood and close to all of the action in the downtown area. We would highly recommend staying here, and would gladly stay again on future visits!",
  "title": "Hyde Park Bungalow close to UT & DT",
  "host_id": 1594787,
  "listing_latitude": 30.30229498844927,
  "listing_longitude": -97.7281497793535,
  "host_name": "Ananda & Dunstan"
}
