{
  "listing_id": 347802,
  "id": 48522321,
  "date": "2015-09-27",
  "reviewer_id": 34228776,
  "reviewer_name": "Zac",
  "text": "The host were perfect in having the home all in order and cleaned prior to our arrival. Ananda was very gracious in giving me local places within walking distance that were great restaurants..over my experience with was",
  "title": "Hyde Park Bungalow close to UT & DT",
  "host_id": 1594787,
  "listing_latitude": 30.30229498844927,
  "listing_longitude": -97.7281497793535,
  "host_name": "Ananda & Dunstan"
}
