{
  "listing_id": 5705904,
  "id": 35533566,
  "date": "2015-06-19",
  "reviewer_id": 8512511,
  "reviewer_name": "Charles",
  "text": "We booked this place extremely short notice - like an hour and a half before arrival. trey was awesome! The place is amazing! Can't recommend it enough! Really nice set up inside + nice outside patio. Shame we aren't staying for longer! Probably one of my favourite places I have stayed through airbnb",
  "title": "Quiet & Cozy 3/2 House Near SoCo!",
  "host_id": 23873541,
  "listing_latitude": 30.25255712861274,
  "listing_longitude": -97.74065528275445,
  "host_name": "Trey"
}
