{
  "listing_id": 5705904,
  "id": 49467386,
  "date": "2015-10-04",
  "reviewer_id": 42486126,
  "reviewer_name": "Drew",
  "text": "Trey did a fantastic job at getting the house ready for my group of friends before the ACL Music Festival!  Everything went very smoothly and Trey was on top of it all.  We had a great time in Austin and the Airbnb experience couldn't have been better.",
  "title": "Quiet & Cozy 3/2 House Near SoCo!",
  "host_id": 23873541,
  "listing_latitude": 30.25255712861274,
  "listing_longitude": -97.74065528275445,
  "host_name": "Trey"
}
