{
  "listing_id": 5705904,
  "id": 50480551,
  "date": "2015-10-12",
  "reviewer_id": 14513198,
  "reviewer_name": "Joshua",
  "text": "Stayed at Trey's home for Austin City Limits. Was a great place to rest after the festival and fairly centrally located. All my interactions with Trey were pleasant and he responded to all of our questions quickly. Would definitely book again!",
  "title": "Quiet & Cozy 3/2 House Near SoCo!",
  "host_id": 23873541,
  "listing_latitude": 30.25255712861274,
  "listing_longitude": -97.74065528275445,
  "host_name": "Trey"
}
