{
  "listing_id": 5705904,
  "id": 51197337,
  "date": "2015-10-18",
  "reviewer_id": 37777836,
  "reviewer_name": "Ted",
  "text": "Our experience here was a great one. The area is perfect representative of the city, super fun, hip, and nice. The place we stayed had lots of room, really clean, and perfect location to get around your favorite places in Austin.",
  "title": "Quiet & Cozy 3/2 House Near SoCo!",
  "host_id": 23873541,
  "listing_latitude": 30.25255712861274,
  "listing_longitude": -97.74065528275445,
  "host_name": "Trey"
}
