{
  "listing_id": 158398,
  "id": 8093033,
  "date": "2013-10-15",
  "reviewer_id": 8817943,
  "reviewer_name": "Michael",
  "text": "The house is in a great location.  Very close to Zilker and also South Lamar.  We had a great time at Lis & her family's home.  She was very willing to adjust her schedule for us to pick up the keys.  We will definitely be considering staying here again next year.",
  "title": "Plan your summer getaway to Austin!",
  "host_id": 760426,
  "listing_latitude": 30.252101566479066,
  "listing_longitude": -97.78381658956111,
  "host_name": "Lis"
}
