{
  "listing_id": 158398,
  "id": 13072133,
  "date": "2014-05-19",
  "reviewer_id": 13010305,
  "reviewer_name": "Sangeeta",
  "text": "What a lovely home and such gracious hosts! Very well kept and beautiful area. The courtyard and rock water fountain made the stay even more enjoyable. All my family wanted to build a home just like it!",
  "title": "Plan your summer getaway to Austin!",
  "host_id": 760426,
  "listing_latitude": 30.252101566479066,
  "listing_longitude": -97.78381658956111,
  "host_name": "Lis"
}
