{
  "listing_id": 5617149,
  "id": 51938059,
  "date": "2015-10-25",
  "reviewer_id": 28703699,
  "reviewer_name": "Jennifer",
  "text": "Chris was super nice and the apartment was the perfect place for our weekend getaway. Close enough to downtown and lots of restaurants in walking distance. I would definitely stay here again.",
  "title": "Riverside 1 Bedroom Apartment",
  "host_id": 29115921,
  "listing_latitude": 30.24275493014983,
  "listing_longitude": -97.72719417308606,
  "host_name": "Chris"
}
