{
  "listing_id": 4833418,
  "id": 25283098,
  "date": "2015-01-11",
  "reviewer_id": 8597825,
  "reviewer_name": "Josh",
  "text": "Great stay! Very nice house, comfortable beds, kept very clean. We were welcomed with a nice bottle of wine and a warm house (it was a cold weekend in Austin so the warmth was welcome). It's a quiet neighborhood, which is great.",
  "title": "Mid-Century Modern Bungalow",
  "host_id": 1775248,
  "listing_latitude": 30.22541887294908,
  "listing_longitude": -97.77935443782113,
  "host_name": "Alex"
}
