{
  "listing_id": 4833418,
  "id": 26553423,
  "date": "2015-02-15",
  "reviewer_id": 26823524,
  "reviewer_name": "Eric",
  "text": "The house was very clean and beautifully decorated. Alex was helpful and sent me an instruction sheet about how to use things in the house. He was also nice enough to leave us a bottle of wine! He helped us complete a fantastic Valentine's day weekend outing in Austin.",
  "title": "Mid-Century Modern Bungalow",
  "host_id": 1775248,
  "listing_latitude": 30.22541887294908,
  "listing_longitude": -97.77935443782113,
  "host_name": "Alex"
}
