{
  "listing_id": 5384509,
  "id": 28019306,
  "date": "2015-03-16",
  "reviewer_id": 4325104,
  "reviewer_name": "Brian",
  "text": "I had an excellent stay here. Super-clean and very comfortable. While it's not at the heart of Austin, there are still some great restaurants and shops to check out in the area, and Courtney's thorough list of suggestions, along with maps and directions, was greatly appreciated.",
  "title": "Cozy Treehouse Apt with 2 Bikes",
  "host_id": 398158,
  "listing_latitude": 30.23087670214578,
  "listing_longitude": -97.76559587728951,
  "host_name": "Courtney"
}
