{
  "listing_id": 5384509,
  "id": 28367195,
  "date": "2015-03-22",
  "reviewer_id": 10858566,
  "reviewer_name": "Monta",
  "text": "I stayed at Courtney's lovely home during Austin's SXSW, and it was amazing! A quick bus ride to all of Austin's downtown attractions!! Coming home was cozy and comfortable and it's definitely a place I would recommend to enjoy as a get-a-way place!",
  "title": "Cozy Treehouse Apt with 2 Bikes",
  "host_id": 398158,
  "listing_latitude": 30.23087670214578,
  "listing_longitude": -97.76559587728951,
  "host_name": "Courtney"
}
