{
  "listing_id": 5384509,
  "id": 28771116,
  "date": "2015-03-29",
  "reviewer_id": 21575014,
  "reviewer_name": "Jimmy",
  "text": "Courtney's place was a very nice apartment with a great atmosphere within and without. I had a nice and comfy stay and it was made all the more enjoyable by her recommendations of things to do nearby. Access to her guitar and bikes was an added bonus.",
  "title": "Cozy Treehouse Apt with 2 Bikes",
  "host_id": 398158,
  "listing_latitude": 30.23087670214578,
  "listing_longitude": -97.76559587728951,
  "host_name": "Courtney"
}
