{
  "listing_id": 5384509,
  "id": 32198715,
  "date": "2015-05-15",
  "reviewer_id": 31619529,
  "reviewer_name": "Justin",
  "text": "Courtney was very helpful and responsive.  The apt is perfect (even has a guitar).  A quick trip into downtown and there's a laundry in the complex which was super helpful.  Highly recommended",
  "title": "Cozy Treehouse Apt with 2 Bikes",
  "host_id": 398158,
  "listing_latitude": 30.23087670214578,
  "listing_longitude": -97.76559587728951,
  "host_name": "Courtney"
}
