{
  "listing_id": 5384509,
  "id": 49553523,
  "date": "2015-10-04",
  "reviewer_id": 11754898,
  "reviewer_name": "Jeffrey",
  "text": "Everything was amazing easy and well handled. If she will have me this will be my new Austin home! Space is clean and wonderful and the bikes were fun. Man my quads are sore!\nThank you again Courtney!",
  "title": "Cozy Treehouse Apt with 2 Bikes",
  "host_id": 398158,
  "listing_latitude": 30.23087670214578,
  "listing_longitude": -97.76559587728951,
  "host_name": "Courtney"
}
