{
  "listing_id": 5384509,
  "id": 52027991,
  "date": "2015-10-25",
  "reviewer_id": 461387,
  "reviewer_name": "Noah",
  "text": "The apartment is exactly as described.  Great location (a couple blocks from 290, 15 minutes from the airport) and easy to find.  It's well furnished and clean with everything you need for a comfortable stay.  Courtney also provides a list of restaurants, shop & bars in the area, which there are quite a few.  Thanks again, great stay!",
  "title": "Cozy Treehouse Apt with 2 Bikes",
  "host_id": 398158,
  "listing_latitude": 30.23087670214578,
  "listing_longitude": -97.76559587728951,
  "host_name": "Courtney"
}
