{
  "listing_id": 520055,
  "id": 16719829,
  "date": "2014-08-01",
  "reviewer_id": 15932067,
  "reviewer_name": "Emily",
  "text": "Christina was a great host! I loved her studio apartment. It felt much larger than what it was. The location can't be beat and I loved the fitness center and pool! An added bonus was the new boardwalk access that just opened up. I would definitely stay at Christina's place again!",
  "title": "Cute Studio on Lake close to ACL",
  "host_id": 2120716,
  "listing_latitude": 30.247732865003442,
  "listing_longitude": -97.73277461281138,
  "host_name": "Christina"
}
