{
  "listing_id": 1305257,
  "id": 12321841,
  "date": "2014-04-28",
  "reviewer_id": 14654710,
  "reviewer_name": "Anita",
  "text": "robin and mike were wonderful hosts. they made us feel right at home and made sure we had everything we needed. the place was lovely, the bed was comfy, and the clawfoot tub was divine! we will definitely book again next time we're in austin.",
  "title": "Comfy Private Guest Room",
  "host_id": 7096463,
  "listing_latitude": 30.245005188101988,
  "listing_longitude": -97.76073051700565,
  "host_name": "Robin And Mike"
}
