{
  "listing_id": 1305257,
  "id": 12447665,
  "date": "2014-05-02",
  "reviewer_id": 7169336,
  "reviewer_name": "Rachel",
  "text": "Robin and Mike were absolutely lovely hosts! We picked their place because the location is perfect for exploring the South Congress neighborhood (which is fantastic, btw, if you aren't familiar). Their home is cozy and they made us feel very welcome. Definitely recommend this place.",
  "title": "Comfy Private Guest Room",
  "host_id": 7096463,
  "listing_latitude": 30.245005188101988,
  "listing_longitude": -97.76073051700565,
  "host_name": "Robin And Mike"
}
