{
  "listing_id": 1305257,
  "id": 27229794,
  "date": "2015-02-28",
  "reviewer_id": 28002022,
  "reviewer_name": "Stacy",
  "text": "This was my first time using air BnB and i was very happy! Robin  and Mike were wonderful hosts, the room was comfy, well stocked and perfect for my weekend getaway by myself.  The location is great as well, walking distance to lots of great stuff. I will def. book this room again:-)\r\nPS: yummy coffee in the morning!",
  "title": "Comfy Private Guest Room",
  "host_id": 7096463,
  "listing_latitude": 30.245005188101988,
  "listing_longitude": -97.76073051700565,
  "host_name": "Robin And Mike"
}
