{
  "listing_id": 1305257,
  "id": 35113845,
  "date": "2015-06-15",
  "reviewer_id": 583945,
  "reviewer_name": "Tracy",
  "text": "Robin and Mike are super friendly, cordial and helpful. The room is exactly as expected with a very comfortable bed. The location of their house can't be beat. It's walking distance to some cafes and coffee shops and easy driving distance to everything you'd want to do in Austin. Thanks so much, Robin and Mike!",
  "title": "Comfy Private Guest Room",
  "host_id": 7096463,
  "listing_latitude": 30.245005188101988,
  "listing_longitude": -97.76073051700565,
  "host_name": "Robin And Mike"
}
