{
  "listing_id": 1305257,
  "id": 35745289,
  "date": "2015-06-21",
  "reviewer_id": 9072819,
  "reviewer_name": "Kelsey",
  "text": "Robin & Mike were very warm and accommodating for a quick, last minute trip to Austin this weekend with my boyfriend. The  house was in a great location within  walking distance to the bars/restaurants and shops on  South Congress, South Lamar, and S 1st street. The room was comfortable with all the necessities and a great bathroom with a claw foot tub nearby.",
  "title": "Comfy Private Guest Room",
  "host_id": 7096463,
  "listing_latitude": 30.245005188101988,
  "listing_longitude": -97.76073051700565,
  "host_name": "Robin And Mike"
}
