{
  "listing_id": 1305257,
  "id": 40613786,
  "date": "2015-08-01",
  "reviewer_id": 36567548,
  "reviewer_name": "Blythe",
  "text": "Mike was so kind-- he knew we had an early departure planned, so he was very quiet as we called it an early night. He even set up the coffee pot for us so it'd be ready at 5am! The room was tidy and the bathroom was adorable-- wish I'd had time to enjoy the clawfoot tub!",
  "title": "Comfy Private Guest Room",
  "host_id": 7096463,
  "listing_latitude": 30.245005188101988,
  "listing_longitude": -97.76073051700565,
  "host_name": "Robin And Mike"
}
