{
  "listing_id": 5521345,
  "id": 30731375,
  "date": "2015-04-26",
  "reviewer_id": 31211656,
  "reviewer_name": "Rina",
  "text": "The place is beautiful and in a great location close to everything. Sue was also a very generous host, telling us about all the events in town, and providing incredible amenities. I highly recommend her place for your stay in Austin.",
  "title": "Chic downtown 6th St. Condo",
  "host_id": 28627278,
  "listing_latitude": 30.266973687843624,
  "listing_longitude": -97.73460885867287,
  "host_name": "Sue"
}
