{
  "listing_id": 5521345,
  "id": 34138343,
  "date": "2015-06-05",
  "reviewer_id": 2252893,
  "reviewer_name": "Hansoo",
  "text": "숙소는 사진에 나온 것과 동일했다. \r\nSue는 숙박 마지막날 지역행사 표를 구해주려는 친절을 배푸는 등 이제껏 묵어본 airbnb 숙소의 host 중 최고였다. \r\n한국에서 학회 참석차 방문하였기에 학회장과의 위치도 적절하였으며 다른 Austin의 볼 거리와도 적절한 위치였다. \r\nSue는 와인, 가벼운 스낵, 맥주 등도 준비해 두었을 뿐만 아니라, 각종 주방 도구도 잘 갖추어져 있어서 현지 음식에 적응이 힘든 아시아 지역 숙박객에게는 더할 나위 없이 좋은 장소였다.\r\n\r\n화장실에 기본적인 용품 외에도 바디로션, 썬크림 등 집보다 더 나은 물품들이 비치되어 있어서 전혀 불편함이 없이 지낼 수 있었다.\r\n\r\n숙소에 amzon에서 구매한 물품을 배송하였으나 배송 당일 집에 늦게 들어와서 받을 수 없었으나, 이웃 사람이 물품을 잘 보관하여 도난의 위험도 없었다. (다만, 그 이웃이 사전에 자기가 물품을 보관하고 있다는 메모를 남겼더라면 더 좋았을 것이다.)\r\n\r\n이웃이 보관한 물품은 Sue가 별도로 보내주어 한국에서 잘 받아볼 수 있도록 해주는 배려를 경험했다. \r\n이 자리를 빌어서 Sue에게 다시 한번 감사의 인사를 하는 바이다.\r\n\r\nAustin에 다시 방문하게 될 날이 언제인지는 모르겠으나, 다시 가게 된다면 무조건 Sue의 콘도에 다시 머문다는 것을 확언한다.",
  "title": "Chic downtown 6th St. Condo",
  "host_id": 28627278,
  "listing_latitude": 30.266973687843624,
  "listing_longitude": -97.73460885867287,
  "host_name": "Sue"
}
