{
  "listing_id": 5521345,
  "id": 41144872,
  "date": "2015-08-04",
  "reviewer_id": 15303286,
  "reviewer_name": "Erik",
  "text": "This was an outstanding room in an amazing location.  The room is within walking distance of 6th and Rainey streets.  It was an overwhelmingly positive experience for me.  Sue was awesome at getting us set up.  I have no complaints.",
  "title": "Chic downtown 6th St. Condo",
  "host_id": 28627278,
  "listing_latitude": 30.266973687843624,
  "listing_longitude": -97.73460885867287,
  "host_name": "Sue"
}
