{
  "listing_id": 1687956,
  "id": 12629692,
  "date": "2014-05-06",
  "reviewer_id": 14232309,
  "reviewer_name": "Amy",
  "text": "This was a nice, well appointed house in a quiet, pleasant area, easy to get to everything. Plenty of room, and the 2 beds/baths on different levels are nice for privacy and personal space. We also enjoyed the large tree covered balcony/patio. Recommended.",
  "title": "2BR/2BA Home Walk To Rainey Street",
  "host_id": 4641823,
  "listing_latitude": 30.253565025401706,
  "listing_longitude": -97.72628634774985,
  "host_name": "Erica"
}
