{
  "listing_id": 2454556,
  "id": 11518848,
  "date": "2014-04-06",
  "reviewer_id": 8497217,
  "reviewer_name": "Danielle",
  "text": "I had to cancel my stay last minute due to a personal event.  Rene was more than gracious and understanding.  Her communication was above and beyond as well.  We were able to come to a good mutual agreement regarding my reservation. I would recommend booking with her solely for her communication and understanding!",
  "title": "Mod Retro Airstream Heart of Austin",
  "host_id": 8686465,
  "listing_latitude": 30.21901914158291,
  "listing_longitude": -97.77605241317437,
  "host_name": "Rene & Thomas"
}
