{
  "listing_id": 2454556,
  "id": 11668700,
  "date": "2014-04-11",
  "reviewer_id": 405154,
  "reviewer_name": "Rae",
  "text": "Rene's Airstream is awesome! It's located in a safe neighborhood and it's only a short drive to fun restaurants, bars and local shops. Rene is responsive, accommodating and a pleasure to work with.\r\n\r\nI highly recommend this listing if you are looking for a fun alternative to standard accommodations.",
  "title": "Mod Retro Airstream Heart of Austin",
  "host_id": 8686465,
  "listing_latitude": 30.21901914158291,
  "listing_longitude": -97.77605241317437,
  "host_name": "Rene & Thomas"
}
