{
  "listing_id": 2454556,
  "id": 11755498,
  "date": "2014-04-14",
  "reviewer_id": 13191467,
  "reviewer_name": "Ed",
  "text": "The airstream was a perfect place to stay for us in Austin. Super cool, clean interior with personalized accents was welcoming and comfortable. Note only that bathroom is in the house proper & shared. Rene was friendly, communicative and helpful. Recommend this stay for any and all who want to experience Austin as locals.",
  "title": "Mod Retro Airstream Heart of Austin",
  "host_id": 8686465,
  "listing_latitude": 30.21901914158291,
  "listing_longitude": -97.77605241317437,
  "host_name": "Rene & Thomas"
}
