{
  "listing_id": 2454556,
  "id": 12026891,
  "date": "2014-04-21",
  "reviewer_id": 8336114,
  "reviewer_name": "Kerrisa",
  "text": "Rene's airsteam and home is cozy and adorable! Lots of great design went into restoring this baby! Rene was very responsive when we needed anything and we felt right at home. The neighborhood is safe and friendly too... everything you would expect from South Austin hospitality.",
  "title": "Mod Retro Airstream Heart of Austin",
  "host_id": 8686465,
  "listing_latitude": 30.21901914158291,
  "listing_longitude": -97.77605241317437,
  "host_name": "Rene & Thomas"
}
