{
  "listing_id": 2454556,
  "id": 12446876,
  "date": "2014-05-02",
  "reviewer_id": 14857850,
  "reviewer_name": "Jenna",
  "text": "Very happy to stay here!  When I found out that my mother was in the hospital, I didn't think about where I'd stay, just that I had to get to her as quickly as possible.  It was so nice to find an affordable and clean place (not to mention so cool and Austiny) so close by.  I really enjoyed my visit.",
  "title": "Mod Retro Airstream Heart of Austin",
  "host_id": 8686465,
  "listing_latitude": 30.21901914158291,
  "listing_longitude": -97.77605241317437,
  "host_name": "Rene & Thomas"
}
