{
  "listing_id": 2454556,
  "id": 16233873,
  "date": "2014-07-23",
  "reviewer_id": 18220339,
  "reviewer_name": "Zinta",
  "text": "Loved it! Hip, modern Airstream decorated as pictured in photos. Great location. Rene & Thomas were great - they met us when we arrived and offered wonderful suggestions for places to visit in Austin. Would definitely recommend!",
  "title": "Mod Retro Airstream Heart of Austin",
  "host_id": 8686465,
  "listing_latitude": 30.21901914158291,
  "listing_longitude": -97.77605241317437,
  "host_name": "Rene & Thomas"
}
