{
  "listing_id": 2454556,
  "id": 18152105,
  "date": "2014-08-22",
  "reviewer_id": 5057415,
  "reviewer_name": "Lucia",
  "text": "The experience in the airstream was awesome and René was a great host! We had some problems with the lock of the airstream and she arrived to help us in 5 minutes...everything was perfect. thank you René, I hope we will come back soon!!!",
  "title": "Mod Retro Airstream Heart of Austin",
  "host_id": 8686465,
  "listing_latitude": 30.21901914158291,
  "listing_longitude": -97.77605241317437,
  "host_name": "Rene & Thomas"
}
