{
  "listing_id": 2454556,
  "id": 18842827,
  "date": "2014-09-01",
  "reviewer_id": 8587414,
  "reviewer_name": "Bailey",
  "text": "This was a novel experience! The airstream was as described, and is located in a fun part of town. It would have been tricky to stay more than a couple of days since you have to go inside to shower or use the restroom, but we knew about that going in. Over all, we loved staying here!",
  "title": "Mod Retro Airstream Heart of Austin",
  "host_id": 8686465,
  "listing_latitude": 30.21901914158291,
  "listing_longitude": -97.77605241317437,
  "host_name": "Rene & Thomas"
}
