{
  "listing_id": 2454556,
  "id": 20040243,
  "date": "2014-09-22",
  "reviewer_id": 3562997,
  "reviewer_name": "Colt",
  "text": "Really enjoyed staying in this airstream! It stayed cool under the Texas heat and was in a great location a couple miles from South Congress and downtown happenings...thank you so much for this unforgettable experience. Austin Rocks!!!",
  "title": "Mod Retro Airstream Heart of Austin",
  "host_id": 8686465,
  "listing_latitude": 30.21901914158291,
  "listing_longitude": -97.77605241317437,
  "host_name": "Rene & Thomas"
}
