{
  "listing_id": 2454556,
  "id": 25605758,
  "date": "2015-01-20",
  "reviewer_id": 6876564,
  "reviewer_name": "Karlyn",
  "text": "Everything was exactly as advertised. It was an adorable space and had what we needed for the weekend. The location was great and we had zero problems with anything. It was cool the first night and they had a space heater in there waiting for us with extra blankets! There were no problems getting into the house for the restroom and shower.",
  "title": "Mod Retro Airstream Heart of Austin",
  "host_id": 8686465,
  "listing_latitude": 30.21901914158291,
  "listing_longitude": -97.77605241317437,
  "host_name": "Rene & Thomas"
}
