{
  "listing_id": 2454556,
  "id": 27995746,
  "date": "2015-03-16",
  "reviewer_id": 925283,
  "reviewer_name": "Max",
  "text": "We had a wonderful time in the Airstream, one of the most memorable places I've ever slept. Uniquely beautifully restored, with all furnishings selected in such a way that you feel like you're staying in an upscale boutique hotel. Very convenient access to downtown, a leisurely 10 min drive. Would recommend anytime!",
  "title": "Mod Retro Airstream Heart of Austin",
  "host_id": 8686465,
  "listing_latitude": 30.21901914158291,
  "listing_longitude": -97.77605241317437,
  "host_name": "Rene & Thomas"
}
