{
  "listing_id": 2454556,
  "id": 28113154,
  "date": "2015-03-17",
  "reviewer_id": 26620225,
  "reviewer_name": "Craig",
  "text": "Very cool trailer and the hosts were responsive and kind.  Only drawback is that the bathroom is inside the house, not the trailer, so that can be a little tricky.  If you're okay with that definitely worth a stay!",
  "title": "Mod Retro Airstream Heart of Austin",
  "host_id": 8686465,
  "listing_latitude": 30.21901914158291,
  "listing_longitude": -97.77605241317437,
  "host_name": "Rene & Thomas"
}
