{
  "listing_id": 2454556,
  "id": 46222943,
  "date": "2015-09-08",
  "reviewer_id": 23430362,
  "reviewer_name": "Geri",
  "text": "If you're looking for a fun trip with true Austin flavor, hop in the airstream and enjoy! Nice and clean, access to a shared bathroom, and we were able to meet Rene who was just sweet as can be!",
  "title": "Mod Retro Airstream Heart of Austin",
  "host_id": 8686465,
  "listing_latitude": 30.21901914158291,
  "listing_longitude": -97.77605241317437,
  "host_name": "Rene & Thomas"
}
