{
  "listing_id": 2266768,
  "id": 28326143,
  "date": "2015-03-22",
  "reviewer_id": 14132708,
  "reviewer_name": "Natalie",
  "text": "A very welcoming, cozy flat in a peaceful neighborhood. The flat is a 15 minute walk from 6th street, but if you need to be somewhere fast Uber and Lyft drivers were never more than 5 minutes away. \r\n\r\nKristine was very responsive and made great recommendations.",
  "title": "modern granny flat",
  "host_id": 1507234,
  "listing_latitude": 30.275484886441834,
  "listing_longitude": -97.726282028393,
  "host_name": "Kristine"
}
