{
  "listing_id": 2454556,
  "id": 51375230,
  "date": "2015-10-19",
  "reviewer_id": 1852030,
  "reviewer_name": "Collin And Lyndsey",
  "text": "So great! My wife and I loved our adventures in south Austin, and Rene's place was so cool! Such a throwback we had with the retro trailer and oldies music playing when we got there. Absolutely recommend it!",
  "title": "Mod Retro Airstream Heart of Austin",
  "host_id": 8686465,
  "listing_latitude": 30.21901914158291,
  "listing_longitude": -97.77605241317437,
  "host_name": "Rene & Thomas"
}
