{
  "listing_id": 8140740,
  "id": 48845945,
  "date": "2015-09-28",
  "reviewer_id": 18094681,
  "reviewer_name": "Jean",
  "text": "The place was great and looked just liked the pictures. Great location, and great amenities. I booked this place with less than 24hr notice, and coordinated everything quickly and efficiently with Kat.",
  "title": "Bouldin Backhouse/Hammock Hideaway!",
  "host_id": 408888,
  "listing_latitude": 30.251779024642623,
  "listing_longitude": -97.75887613178273,
  "host_name": "Kat"
}
