{
  "listing_id": 8140740,
  "id": 51340999,
  "date": "2015-10-19",
  "reviewer_id": 45242151,
  "reviewer_name": "Abigail",
  "text": "The backhouse was a great place to stay for the weekend. It was small, but it had everything we needed. The location was perfect - we walked all over town (to 1st, S Congress, the trail, etc.) I would definitely recommend staying here!",
  "title": "Bouldin Backhouse/Hammock Hideaway!",
  "host_id": 408888,
  "listing_latitude": 30.251779024642623,
  "listing_longitude": -97.75887613178273,
  "host_name": "Kat"
}
