{
  "listing_id": 8538706,
  "id": 49393764,
  "date": "2015-10-03",
  "reviewer_id": 34283865,
  "reviewer_name": "Brandan",
  "text": "Ka is such a cool host and the small house is such a cool uniquely decorated place to stay at and not to far from downtown. Flexible and very communicative with us upon our arrival and departure, with a great willingness to share anything about the town. Overall a nice quiet and quaint little place.",
  "title": "2/1 bungalow on eclectic eastside",
  "host_id": 44953378,
  "listing_latitude": 30.27152000149184,
  "listing_longitude": -97.71744609709057,
  "host_name": "Ka"
}
