{
  "listing_id": 8538706,
  "id": 49538677,
  "date": "2015-10-04",
  "reviewer_id": 7452803,
  "reviewer_name": "Rebecca",
  "text": "Ka was very accommodating and flexible. His home was a cute, eccelectic bungalow that was spacious and very homey. The place is perfect for a group of friends wanting to explore or hang out in Austin.",
  "title": "2/1 bungalow on eclectic eastside",
  "host_id": 44953378,
  "listing_latitude": 30.27152000149184,
  "listing_longitude": -97.71744609709057,
  "host_name": "Ka"
}
