{
  "listing_id": 4533513,
  "id": 25347567,
  "date": "2015-01-12",
  "reviewer_id": 25539530,
  "reviewer_name": "Osman",
  "text": "Tri was awesome we drove all the way from El Paso to Austin and due to road conditions we didn't arrive till about midnight. By the time we arrived Tri was up and showed us around the place, very hospitable.  Clean room.",
  "title": "Cozy Home Near Downtown",
  "host_id": 11608164,
  "listing_latitude": 30.2916317638937,
  "listing_longitude": -97.72630747841106,
  "host_name": "Tri"
}
