{
  "listing_id": 4533513,
  "id": 25894432,
  "date": "2015-01-28",
  "reviewer_id": 12455595,
  "reviewer_name": "Kelleh",
  "text": "Space was exactly as advertised; very close to UT, comfortable queen-sized bed, etc. Check-in and check-out time were very flexible. Tri was friendly. I only stayed for 2 nights, and would recommend to anyone staying in Austin.",
  "title": "Cozy Home Near Downtown",
  "host_id": 11608164,
  "listing_latitude": 30.2916317638937,
  "listing_longitude": -97.72630747841106,
  "host_name": "Tri"
}
