{
  "listing_id": 4533513,
  "id": 27115699,
  "date": "2015-02-25",
  "reviewer_id": 4924599,
  "reviewer_name": "José",
  "text": "Tri was very welcoming. He was great at communicating check in and check out times and offering assistance with anything I needed. I had a very short trip, but the brief time I spent at his place was very cozy and comfortable. The location is great, and walkable to campus and other fun places.",
  "title": "Cozy Home Near Downtown",
  "host_id": 11608164,
  "listing_latitude": 30.2916317638937,
  "listing_longitude": -97.72630747841106,
  "host_name": "Tri"
}
