{
  "listing_id": 4533513,
  "id": 27414107,
  "date": "2015-03-03",
  "reviewer_id": 2390119,
  "reviewer_name": "Maggie",
  "text": "Tri was a great host - friendly, easy to communicate with, quick to answer questions. The room is sparsely furnished, only a bed and a lamp, so be prepared for that. Overall, it was a comfortable stay.",
  "title": "Cozy Home Near Downtown",
  "host_id": 11608164,
  "listing_latitude": 30.2916317638937,
  "listing_longitude": -97.72630747841106,
  "host_name": "Tri"
}
