{
  "listing_id": 4533513,
  "id": 27550516,
  "date": "2015-03-07",
  "reviewer_id": 6969600,
  "reviewer_name": "Jim",
  "text": "Tri was very easy and enjoyable to work with.  He made you feel at home and comfortable.  Tri has a great understanding of the area and can offer good recommendations based on what you are looking for.  The listing is accurate and overall, no complaints.",
  "title": "Cozy Home Near Downtown",
  "host_id": 11608164,
  "listing_latitude": 30.2916317638937,
  "listing_longitude": -97.72630747841106,
  "host_name": "Tri"
}
