{
  "listing_id": 4533513,
  "id": 29346427,
  "date": "2015-04-06",
  "reviewer_id": 99063,
  "reviewer_name": "Josh",
  "text": "Tri's place was clean and looked as advertised. We didn't get a chance to actually meet him due to conflicting schedules but he was very responsive by phone and text when we were a little confused about the door. We will definitely stay here again if we visit Austin again.",
  "title": "Cozy Home Near Downtown",
  "host_id": 11608164,
  "listing_latitude": 30.2916317638937,
  "listing_longitude": -97.72630747841106,
  "host_name": "Tri"
}
