{
  "listing_id": 2266768,
  "id": 29514094,
  "date": "2015-04-08",
  "reviewer_id": 4077068,
  "reviewer_name": "Jessica",
  "text": "My husband and I had a great stay at Kristine's flat. It is exactly as pictured, very clean and spacious. I especially liked the huge shower and having access to a washer/dryer. We would definitely stay here again.",
  "title": "modern granny flat",
  "host_id": 1507234,
  "listing_latitude": 30.275484886441834,
  "listing_longitude": -97.726282028393,
  "host_name": "Kristine"
}
