{
  "listing_id": 6964491,
  "id": 45755347,
  "date": "2015-09-05",
  "reviewer_id": 11788186,
  "reviewer_name": "Pamela",
  "text": "The apartment is awesome- just like the pictures! Super clean and cute. Went to the pool without a problem- got into the apartment super easily- great location- and Alyson responds super quick to anything..loved it :)",
  "title": "Cozy apartment close to downtown!",
  "host_id": 35521972,
  "listing_latitude": 30.223771202478243,
  "listing_longitude": -97.72089881813093,
  "host_name": "Alyson"
}
