{
  "listing_id": 6964491,
  "id": 51098858,
  "date": "2015-10-17",
  "reviewer_id": 26240846,
  "reviewer_name": "Clara",
  "text": "Alyson was a wonderful host, she responded to all our questions super quickly and was always readily available. The apartment itself was super adorable and clean, it is obvious she takes good care of it.",
  "title": "Cozy apartment close to downtown!",
  "host_id": 35521972,
  "listing_latitude": 30.223771202478243,
  "listing_longitude": -97.72089881813093,
  "host_name": "Alyson"
}
