{
  "listing_id": 2033051,
  "id": 24420504,
  "date": "2014-12-28",
  "reviewer_id": 3708750,
  "reviewer_name": "Beer",
  "text": "Nous avons passé un superbe séjour dans cette maison, qui sentait \"comme la nôtre\", surtout pour les fêtes de fin d'année ! Spacieuse, bien décorée, une vraie maison de famille où nous avons pu nous détendre comme nous l'avons espéré. Communication excellente, prise en charge au top. Un grand compliment pour la maison, ses propriétaires et l'agence.\r\n\r\nWe have spent the most remarquable and wonderful Christmas week in this beautiful family home in Austin, exactly what we needed to discover Austin, to settle down for Christmas and \"live a life in Austin\" rather than touring like tourists. Good communication, great hospitality by Brooke. Compliments to the owners for the house and to Brooke for her capacities to make us feel at home.",
  "title": "New! Elegant Family Town Home",
  "host_id": 1488733,
  "listing_latitude": 30.294443264515557,
  "listing_longitude": -97.70156001284238,
  "host_name": "Brooke"
}
