{
  "listing_id": 3998768,
  "id": 28074267,
  "date": "2015-03-17",
  "reviewer_id": 25930359,
  "reviewer_name": "Cai-Nicolas",
  "text": "Nice an cosy welcome, we really felt like being at a friend's place! \r\n\r\nAll was good and I can definitely recommend the awesome Cloud Palace. Bit pricy, though, but that may have been due to SXSW.",
  "title": "The Cloud Cabin",
  "host_id": 235896,
  "listing_latitude": 30.299608648130956,
  "listing_longitude": -97.732862523476,
  "host_name": "Julie"
}
