{
  "listing_id": 3998768,
  "id": 50434002,
  "date": "2015-10-12",
  "reviewer_id": 33944045,
  "reviewer_name": "Aaron",
  "text": "Julie was a fantastic host! She is very lovely and even went to the length of  treating us with some local beers upon arrival. Great cabin, great location, comfy beds, everything you need while staying in Austin!",
  "title": "The Cloud Cabin",
  "host_id": 235896,
  "listing_latitude": 30.299608648130956,
  "listing_longitude": -97.732862523476,
  "host_name": "Julie"
}
