{
  "listing_id": 359757,
  "id": 28435122,
  "date": "2015-03-23",
  "reviewer_id": 15693644,
  "reviewer_name": "Ted",
  "text": "We never actually met Sarah, as both parties were busy with SXSW, but she was very flexible and trusting in allowing us to do check-in and check-out ourselves. The listing is a very much lived-in apartment, and not a \"destination\" or a treat of some kind, but it was a perfectly acceptable place to come home to each night and in which to eat breakfast each morning during a hastily-planned last-minute trip to SXSW.",
  "title": "$150! 4.5m to ACL! 1B/1B.",
  "host_id": 1819893,
  "listing_latitude": 30.23480813545294,
  "listing_longitude": -97.77635302764256,
  "host_name": "Sarah"
}
