{
  "listing_id": 5470495,
  "id": 32869546,
  "date": "2015-05-22",
  "reviewer_id": 4133601,
  "reviewer_name": "Manuel",
  "text": "Benjamin was a great host, definitely made us feel welcome. Being the first time in Austin gave us a good overview of what there was to do and places to eat in Austin. The place was very nice, very homey definitely would recommend to others. Thank you.",
  "title": "1 Private Rm - 15 min Train to DT",
  "host_id": 17820132,
  "listing_latitude": 30.33352562427585,
  "listing_longitude": -97.71691842889265,
  "host_name": "Benjamin"
}
